company_name,company_web_address
Kube Games,https://store.steampowered.com/curator/36060415?snr=1_5_9__2000
Clarus Victoria,https://store.steampowered.com/curator/34505966?snr=1_5_9__2000
Flying Panjandrum / ふらいんぐパンジャンドラム,https://store.steampowered.com/developer/Flying%20Panjandrum%20%2F%20%E3%81%B5%E3%82%89%E3%81%84%E3%82%93%E3%81%90%E3%83%91%E3%83%B3%E3%82%B8%E3%83%A3%E3%83%B3%E3%83%89%E3%83%A9%E3%83%A0&snr=1_5_9__2000
Ageod,https://store.steampowered.com/developer/Slitherine?snr=1_5_9__2000
Grey Alien Games,https://store.steampowered.com/developer/GreyAlienGames?snr=1_5_9__2000
Infinity Ward,https://store.steampowered.com/developer/Infinity%20Ward&snr=1_5_9__2000
FireFly Studios,https://store.steampowered.com/developer/fireflystudios?snr=1_5_9__2000
Ex Nihilo,https://store.steampowered.com/developer/Arte?snr=1_5_9__2000
ARTE France,https://store.steampowered.com/developer/ARTE%20France&snr=1_5_9__2000
HeroLabs,https://store.steampowered.com/developer/HeroLabs&snr=1_5_9__2000
CREATIVE ASSEMBLY,https://store.steampowered.com/developer/CREATIVE%20ASSEMBLY&snr=1_5_9__2000
Big Bad Wolf,https://store.steampowered.com/developer/CyanideStudio?snr=1_5_9__2000
Bytro Labs GmbH,https://store.steampowered.com/developer/Bytro?snr=1_5_9__2000
Firaxis Games,https://store.steampowered.com/developer/firaxisgames?snr=1_5_9__2000
Gray Matter Studios,https://store.steampowered.com/developer/Gray%20Matter%20Studios&snr=1_5_9__2000
Flashback Games,https://store.steampowered.com/developer/Slitherine?snr=1_5_9__2000
Łukasz Jakowski,https://store.steampowered.com/curator/34531367?snr=1_5_9__2000
Eugen Systems,https://store.steampowered.com/developer/eugensystems?snr=1_5_9__2000
"KOEI TECMO GAMES CO., LTD.",https://store.steampowered.com/developer/KOEITECMO?snr=1_5_9__2000
Tantalus Media,https://store.steampowered.com/developer/AgeOfEmpires?snr=1_5_9__2000
Forgotten Empires,https://store.steampowered.com/developer/AgeOfEmpires?snr=1_5_9__2000
CorvusCorax_studio,https://store.steampowered.com/developer/CorvusCorax_studio&snr=1_5_9__2000
Frag Games,https://store.steampowered.com/developer/Frag%20Games&snr=1_5_9__2000
Mind Control Software,https://store.steampowered.com/developer/Mind%20Control%20Software&snr=1_5_9__2000
Avalon Digital,https://store.steampowered.com/curator/36173274?snr=1_5_9__2000
Yobowargames,https://store.steampowered.com/curator/33993628?snr=1_5_9__2000
Play Native Entertainment,https://store.steampowered.com/developer/Play%20Native%20Entertainment&snr=1_5_9__2000
Starni Games,https://store.steampowered.com/developer/StarniGames?snr=1_5_9__2000
Locus Ludus,https://store.steampowered.com/developer/locusludus?snr=1_5_9__2000
RogueWare,https://store.steampowered.com/developer/RogueWare&snr=1_5_9__2000
Hypnotic Ants,https://store.steampowered.com/developer/Hypnotic%20Ants&snr=1_5_9__2000
Out of the Park Developments,https://store.steampowered.com/developer/ootpdevelopments?snr=1_5_9__2000
Comic and Sons,https://store.steampowered.com/developer/Comic%20and%20Sons&snr=1_5_9__2000
Nathan Weatherford,https://store.steampowered.com/developer/Nathan%20Weatherford&snr=1_5_9__2000
Image Power S.A.,https://store.steampowered.com/developer/playway?snr=1_5_9__2000
Salty Lemon Entertainment,https://store.steampowered.com/developer/Salty%20Lemon%20Entertainment&snr=1_5_9__2000
Nick Van Fossen,https://store.steampowered.com/developer/Nick%20Van%20Fossen&snr=1_5_9__2000
Cerberus,https://store.steampowered.com/developer/Cerberus&snr=1_5_9__2000
Play2Chill,https://store.steampowered.com/developer/Play2Chill&snr=1_5_9__2000
Maltakreuz,https://store.steampowered.com/developer/Maltakreuz&snr=1_5_9__2000
Green Tree Games LLC,https://store.steampowered.com/developer/Green%20Tree%20Games%20LLC&snr=1_5_9__2000
High Tower Games,https://store.steampowered.com/developer/High%20Tower%20Games&snr=1_5_9__2000
Pilgrim Adventures,https://store.steampowered.com/curator/33753618?snr=1_5_9__2000
COSDOTS,https://store.steampowered.com/developer/COSDOTS&snr=1_5_9__2000
REMEX Software,https://store.steampowered.com/developer/REMEX%20Software&snr=1_5_9__2000
Fruits of Yggdrasil Studio,https://store.steampowered.com/developer/Fruits%20of%20Yggdrasil%20Studio&snr=1_5_9__2000
WarZoneLab,https://store.steampowered.com/developer/playway?snr=1_5_9__2000
Choice of Games,https://store.steampowered.com/developer/Choice%20of%20Games&snr=1_5_9__2000
AnYouGame Studio,https://store.steampowered.com/developer/AnYouGame%20Studio&snr=1_5_9__2000
Hexdraw,https://store.steampowered.com/developer/Hexdraw&snr=1_5_9__2000
Fuzion Labs LLC,https://store.steampowered.com/developer/Fuzion%20Labs%20LLC&snr=1_5_9__2000
BeardedBrothers.games,https://store.steampowered.com/developer/BeardedBrothers.games&snr=1_5_9__2000
Killerfish Games,https://store.steampowered.com/developer/Killerfish%20Games&snr=1_5_9__2000
Serious Games Interactive,https://store.steampowered.com/developer/Serious%20Games%20Interactive&snr=1_5_9__2000
Nitro Games,https://store.steampowered.com/developer/Nitro%20Games&snr=1_5_9__2000
Octoshark Studios,https://store.steampowered.com/curator/4761392?snr=1_5_9__2000
Tripwire Interactive,https://store.steampowered.com/developer/Tripwire?snr=1_5_9__2000
Alientrap,https://store.steampowered.com/curator/32644677?snr=1_5_9__2000
Studio Clangore,https://store.steampowered.com/developer/Studio%20Clangore&snr=1_5_9__2000
Eidos Studio Hungary,https://store.steampowered.com/developer/squareenix?snr=1_5_9__2000
Haemimont Games,https://store.steampowered.com/developer/Haemimont%20Games&snr=1_5_9__2000
SergioPoverony,https://store.steampowered.com/developer/SergioPoverony&snr=1_5_9__2000
Reflexive Entertainment,https://store.steampowered.com/developer/Reflexive%20Entertainment&snr=1_5_9__2000
HexWar Games,https://store.steampowered.com/curator/10872784?snr=1_5_9__2000
National Film Board of Canada,https://store.steampowered.com/developer/nfbonf?snr=1_5_9__2000
AMPLITUDE Studios,https://store.steampowered.com/developer/AmplitudeStudios?snr=1_5_9__2000
Creative Assembly,https://store.steampowered.com/developer/Creative%20Assembly&snr=1_5_9__2000
Strategy Labs,https://store.steampowered.com/developer/playway?snr=1_5_9__2000
Barbedwire Studios,https://store.steampowered.com/developer/Barbedwire%20Studios&snr=1_5_9__2000
Digitalmindsoft,https://store.steampowered.com/developer/digitalmindsoft?snr=1_5_9__2000
New Waves Games,https://store.steampowered.com/developer/New%20Waves%20Games&snr=1_5_9__2000
Softwaves,https://store.steampowered.com/developer/Softwaves&snr=1_5_9__2000
Budget Versailles Games,https://store.steampowered.com/developer/Budget%20Versailles%20Games&snr=1_5_9__2000
Finches Games,https://store.steampowered.com/developer/Finches%20Games&snr=1_5_9__2000
Team Dogpit,https://store.steampowered.com/developer/Team%20Dogpit&snr=1_5_9__2000
Mutkrakt,https://store.steampowered.com/curator/38828678?snr=1_5_9__2000
Aspyr (Mac),https://store.steampowered.com/developer/Aspyr?snr=1_5_9__2000
Aspyr (Linux),https://store.steampowered.com/developer/Aspyr?snr=1_5_9__2000
Andrew G. Schneider,https://store.steampowered.com/curator/34957144?snr=1_5_9__2000
Totem Studio,https://store.steampowered.com/developer/plug-in-digital?snr=1_5_9__2000
Reborn Games,https://store.steampowered.com/developer/Reborn%20Games&snr=1_5_9__2000
End of the Line Studios,https://store.steampowered.com/developer/Eotls?snr=1_5_9__2000
Dreambakers,https://store.steampowered.com/developer/Dreambakers&snr=1_5_9__2000
Ricardo Alonso Pina,https://store.steampowered.com/developer/ricardoalonso?snr=1_5_9__2000
RETO MOTO,https://store.steampowered.com/developer/RETO%20MOTO&snr=1_5_9__2000
Graviteam,https://store.steampowered.com/developer/graviteam?snr=1_5_9__2000
HQ,https://store.steampowered.com/developer/Slitherine?snr=1_5_9__2000
Triangle Studios,https://store.steampowered.com/developer/Triangle%20Studios&snr=1_5_9__2000
Holy City VR,https://store.steampowered.com/developer/Holy%20City%20VR&snr=1_5_9__2000
Nimrod Shanit,https://store.steampowered.com/developer/Nimrod%20Shanit&snr=1_5_9__2000
Sean Thomas Evans,https://store.steampowered.com/developer/Sean%20Thomas%20Evans&snr=1_5_9__2000
Bartoš Studio,https://store.steampowered.com/developer/Barto%C5%A1%20Studio&snr=1_5_9__2000
Gemlore,https://store.steampowered.com/developer/Gemlore&snr=1_5_9__2000
IM•PRO•VISION  Studio,https://store.steampowered.com/developer/IM%E2%80%A2PRO%E2%80%A2VISION%20%20Studio&snr=1_5_9__2000
Valentin Lievre,https://store.steampowered.com/developer/Valentin%20Lievre&snr=1_5_9__2000
Gamenesis,https://store.steampowered.com/developer/Gamenesis&snr=1_5_9__2000
OneOcean LLC,https://store.steampowered.com/developer/OneOcean%20LLC&snr=1_5_9__2000
Replay Studios,https://store.steampowered.com/developer/Replay%20Studios&snr=1_5_9__2000
Headquarter S.L.,https://store.steampowered.com/curator/36173274?snr=1_5_9__2000
Utility Spectrum,https://store.steampowered.com/developer/Utility%20Spectrum&snr=1_5_9__2000
GDNomad,https://store.steampowered.com/developer/InfernalDream?snr=1_5_9__2000
Lesta Studio,https://store.steampowered.com/developer/buka?snr=1_5_9__2000
MPS Labs,https://store.steampowered.com/developer/MPS%20Labs&snr=1_5_9__2000
DEVGRU-P,https://store.steampowered.com/developer/DEVGRU-P?snr=1_5_9__2000
1C: Maddox Games,https://store.steampowered.com/developer/1CEntertainment?snr=1_5_9__2000
"SmiteWorks USA, LLC",https://store.steampowered.com/developer/SmiteWorks?snr=1_5_9__2000
UNICORE Games Studios,https://store.steampowered.com/curator/38641605?snr=1_5_9__2000
Charles Games,https://store.steampowered.com/curator/34998449?snr=1_5_9__2000
Aleksander Ciesielski,https://store.steampowered.com/developer/Aleksander%20Ciesielski&snr=1_5_9__2000
SupaGames,https://store.steampowered.com/developer/SupaGames&snr=1_5_9__2000
图纳密游戏,https://store.steampowered.com/developer/%E5%9B%BE%E7%BA%B3%E5%AF%86%E6%B8%B8%E6%88%8F&snr=1_5_9__2000
锈钻游戏工作室,https://store.steampowered.com/developer/%E9%94%88%E9%92%BB%E6%B8%B8%E6%88%8F%E5%B7%A5%E4%BD%9C%E5%AE%A4&snr=1_5_9__2000
Paradox Development Studio,https://store.steampowered.com/developer/paradoxdevelopmentstudio?snr=1_5_9__2000
BL-Logic,https://store.steampowered.com/developer/BL-Logic&snr=1_5_9__2000
Marco Amadei,https://store.steampowered.com/developer/Marco%20Amadei&snr=1_5_9__2000
Darklight Games,https://store.steampowered.com/developer/Darklight%20Games&snr=1_5_9__2000
Snowbird Games,https://store.steampowered.com/developer/snowbirdgames?snr=1_5_9__2000
Interspectral,https://store.steampowered.com/developer/Interspectral&snr=1_5_9__2000
oophok,https://store.steampowered.com/developer/oophok?snr=1_5_9__2000
BattleGoat Studios,https://store.steampowered.com/developer/battlegoat?snr=1_5_9__2000
N-Tri Studio,https://store.steampowered.com/developer/ntristudio?snr=1_5_9__2000
4Head Studios,https://store.steampowered.com/developer/4Head%20Studios&snr=1_5_9__2000
Lantana Games,https://store.steampowered.com/developer/lantanagames?snr=1_5_9__2000
Sevenedge Interactive Media,https://store.steampowered.com/developer/Sevenedge%20Interactive%20Media&snr=1_5_9__2000
kuklam studios,https://store.steampowered.com/curator/36860212?snr=1_5_9__2000
Moonlit S.A.,https://store.steampowered.com/developer/Moonlit%20S.A.&snr=1_5_9__2000
Kuba Wójcik,https://store.steampowered.com/developer/Kuba%20W%C3%B3jcik&snr=1_5_9__2000
Yury Khovansky,https://store.steampowered.com/developer/Yury%20Khovansky&snr=1_5_9__2000
Strategic Thinking LLC,https://store.steampowered.com/developer/Strategic%20Thinking%20LLC&snr=1_5_9__2000
The Strategy Game Studio,https://store.steampowered.com/developer/The%20Strategy%20Game%20Studio&snr=1_5_9__2000
Alina Digital,https://store.steampowered.com/curator/33099029?snr=1_5_9__2000
NeocoreGames,https://store.steampowered.com/developer/NeocoreGames?snr=1_5_9__2000
Jujubee S.A.,https://store.steampowered.com/developer/jujubee?snr=1_5_9__2000
Crystal Empire Games,https://store.steampowered.com/developer/paradoxinteractive?snr=1_5_9__2000
Wastelands Interactive,https://store.steampowered.com/curator/33133048?snr=1_5_9__2000
Sengkala Dev,https://store.steampowered.com/developer/Sengkala%20Dev&snr=1_5_9__2000
UMURO,https://store.steampowered.com/developer/UMURO&snr=1_5_9__2000
Mustella Games,https://store.steampowered.com/developer/KuKo?snr=1_5_9__2000
Virtual and Physical Media Integration Association of Taiwan,https://store.steampowered.com/developer/Virtual%20and%20Physical%20Media%20Integration%20Association%20of%20Taiwan&snr=1_5_9__2000
Minimol Games,https://store.steampowered.com/developer/Minimol?snr=1_5_9__2000
Sic'em Studios,https://store.steampowered.com/developer/Sic%27em%20Studios&snr=1_5_9__2000
Reverie World Studios,https://store.steampowered.com/developer/Reverie%20World%20Studios&snr=1_5_9__2000
Ubisoft,https://store.steampowered.com/developer/Ubisoft&snr=1_5_9__2000
Factus Games,https://store.steampowered.com/developer/Factus%20Games&snr=1_5_9__2000
The Learning Company,https://store.steampowered.com/developer/The%20Learning%20Company&snr=1_5_9__2000
Flyover Zone,https://store.steampowered.com/developer/Flyover%20Zone&snr=1_5_9__2000
Schell Games,https://store.steampowered.com/developer/SchellGames?snr=1_5_9__2000
TechLemon Ltd,https://store.steampowered.com/developer/TechLemon%20Ltd&snr=1_5_9__2000
Slitherine Ltd.,https://store.steampowered.com/developer/Slitherine%20Ltd.&snr=1_5_9__2000
WallRus Group,https://store.steampowered.com/developer/wallrusgroup?snr=1_5_9__2000
Cult Software,https://store.steampowered.com/curator/33017969?snr=1_5_9__2000
DSQ,https://store.steampowered.com/developer/DSQ&snr=1_5_9__2000
Vladislav Borovic,https://store.steampowered.com/developer/BOVL?snr=1_5_9__2000
Actoon Studio,https://store.steampowered.com/developer/actoon?snr=1_5_9__2000
Thorium Game Lab,https://store.steampowered.com/developer/Thorium%20Game%20Lab&snr=1_5_9__2000
Paulo Robson Allonso,https://store.steampowered.com/developer/Paulo%20Robson%20Allonso&snr=1_5_9__2000
Mikola Games,https://store.steampowered.com/developer/Mikola_Games?snr=1_5_9__2000
Mens Sana Interactive,https://store.steampowered.com/developer/menssana?snr=1_5_9__2000
Strange Beat Games,https://store.steampowered.com/developer/Strange%20Beat%20Games&snr=1_5_9__2000
Tomas Daugela,https://store.steampowered.com/developer/Tomas%20Daugela&snr=1_5_9__2000
Deniz Kayacan,https://store.steampowered.com/developer/Deniz%20Kayacan&snr=1_5_9__2000
Anonymoose Games,https://store.steampowered.com/developer/Anonymoose%20Games&snr=1_5_9__2000
Oppressive Games,https://store.steampowered.com/developer/Oppressive%20Games&snr=1_5_9__2000
Auroriax,https://store.steampowered.com/developer/Auroriax&snr=1_5_9__2000
奇正游戏,https://store.steampowered.com/developer/%E5%A5%87%E6%AD%A3%E6%B8%B8%E6%88%8F&snr=1_5_9__2000
Hook Games,https://store.steampowered.com/developer/hook?snr=1_5_9__2000
Warshark Games,https://store.steampowered.com/developer/Warshark%20Games&snr=1_5_9__2000
Snkl Studio,https://store.steampowered.com/developer/snkl_studio?snr=1_5_9__2000
Kostas Batsakoutsas,https://store.steampowered.com/developer/Kostas%20Batsakoutsas&snr=1_5_9__2000
Vasilis Vogkas,https://store.steampowered.com/developer/Vasilis%20Vogkas&snr=1_5_9__2000
INSY Games,https://store.steampowered.com/developer/INSY%20Games&snr=1_5_9__2000
Alex Ryan,https://store.steampowered.com/developer/Alex%20Ryan&snr=1_5_9__2000
Jeel Patel,https://store.steampowered.com/developer/Jeel%20Patel&snr=1_5_9__2000
ChalkstoneInteractive,https://store.steampowered.com/developer/ChalkstoneInteractive&snr=1_5_9__2000
Black Phoenix Studio,https://store.steampowered.com/developer/BPX?snr=1_5_9__2000
Rafael Ferreira Mourão Martins,https://store.steampowered.com/developer/Rafael%20Ferreira%20Mour%C3%A3o%20Martins&snr=1_5_9__2000
"Artech Digital Entertainments, Inc",https://store.steampowered.com/developer/Artech%20Digital%20Entertainments%2C%20Inc&snr=1_5_9__2000
"Accolade, Inc",https://store.steampowered.com/developer/Accolade%2C%20Inc&snr=1_5_9__2000
Aventale Games,https://store.steampowered.com/developer/Aventale%20Games&snr=1_5_9__2000
Merlin Pieters,https://store.steampowered.com/developer/Merlin%20Pieters&snr=1_5_9__2000
Anvil Game Studios,https://store.steampowered.com/developer/Anvil%20Game%20Studios&snr=1_5_9__2000
Ubisoft Quebec,https://store.steampowered.com/developer/ubisoft?snr=1_5_9__2000
Ubisoft Montreal,https://store.steampowered.com/developer/ubisoft?snr=1_5_9__2000
Ubisoft Bucharest,https://store.steampowered.com/developer/ubisoft?snr=1_5_9__2000
Ubisoft Singapore,https://store.steampowered.com/developer/ubisoft?snr=1_5_9__2000
Ubisoft Montpellier,https://store.steampowered.com/developer/ubisoft?snr=1_5_9__2000
Ubisoft Kiev,https://store.steampowered.com/developer/ubisoft?snr=1_5_9__2000
Ubisoft Shanghai,https://store.steampowered.com/developer/ubisoft?snr=1_5_9__2000
Wargaming Group Limited,https://store.steampowered.com/developer/wargaming?snr=1_5_9__2000
Wicked Witch,https://store.steampowered.com/curator/3090835?snr=1_5_9__2000
Gaijin Entertainment,https://store.steampowered.com/developer/Gaijin%20Entertainment&snr=1_5_9__2000
DICE,https://store.steampowered.com/developer/EA?snr=1_5_9__2000
Render Cube,https://store.steampowered.com/developer/Render%20Cube&snr=1_5_9__2000
Feral Interactive (Mac),https://store.steampowered.com/developer/Feral%20Interactive%20%28Mac%29&snr=1_5_9__2000
Feral Interactive (Linux),https://store.steampowered.com/developer/Feral%20Interactive%20%28Linux%29&snr=1_5_9__2000
TaleWorlds Entertainment,https://store.steampowered.com/developer/taleworlds?snr=1_5_9__2000
1C Game Studios,https://store.steampowered.com/developer/1cgs?snr=1_5_9__2000
777 Studios,https://store.steampowered.com/developer/1cgs?snr=1_5_9__2000
Ensemble Studios,https://store.steampowered.com/curator/3090835?snr=1_5_9__2000
Skybox Labs,https://store.steampowered.com/curator/3090835?snr=1_5_9__2000
Hidden Path Entertainment,https://store.steampowered.com/developer/Hidden%20Path%20Entertainment&snr=1_5_9__2000
Tantalus,https://store.steampowered.com/curator/3090835?snr=1_5_9__2000
Game-Labs,https://store.steampowered.com/developer/gamelabsinc?snr=1_5_9__2000
Battlefront,https://store.steampowered.com/developer/Slitherine?snr=1_5_9__2000
Mimimi Games,https://store.steampowered.com/developer/mimimi?snr=1_5_9__2000
Antimatter Games,https://store.steampowered.com/developer/Antimatter%20Games&snr=1_5_9__2000
Campfire Games,https://store.steampowered.com/developer/Campfire%20Games&snr=1_5_9__2000
Madruga Works,https://store.steampowered.com/curator/32942052?snr=1_5_9__2000
Oliver Keppelmüller,https://store.steampowered.com/developer/Oliver%20Keppelm%C3%BCller&snr=1_5_9__2000
Gaming Minds Studios,https://store.steampowered.com/developer/kalypso?snr=1_5_9__2000
SkyBox Labs,https://store.steampowered.com/curator/3090835?snr=1_5_9__2000
Flying Squirrel Entertainment,https://store.steampowered.com/developer/Flying%20Squirrel%20Entertainment&snr=1_5_9__2000
1939 Games,https://store.steampowered.com/curator/30942082?snr=1_5_9__2000
Periscope Games,https://store.steampowered.com/developer/offworldindustries?snr=1_5_9__2000
"Ubisoft Quebec, in collaboration with Ubisoft Annecy, Bucharest, Kiev, Montreal, Montpellier, Shanghai, Singapore, Sofia, Toronto studios",https://store.steampowered.com/developer/Ubisoft%20Quebec%2C%20in%20collaboration%20with%20Ubisoft%20Annecy%2C%20Bucharest%2C%20Kiev%2C%20Montreal%2C%20Montpellier%2C%20Shanghai%2C%20Singapore%2C%20Sofia%2C%20Toronto%20studios&snr=1_5_9__2000
Lucas Pope,https://store.steampowered.com/curator/33784989?snr=1_5_9__2000
GSC Game World,https://store.steampowered.com/developer/GSC?snr=1_5_9__2000
M2H,https://store.steampowered.com/developer/M2H?snr=1_5_9__2000
Blackmill Games,https://store.steampowered.com/developer/BlackmillGames?snr=1_5_9__2000
yevhen8,https://store.steampowered.com/developer/yevhen8&snr=1_5_9__2000
Big Huge Games,https://store.steampowered.com/developer/Big%20Huge%20Games&snr=1_5_9__2000
Asobo Studio,https://store.steampowered.com/developer/Asobo%20Studio&snr=1_5_9__2000
Brytenwalda,https://store.steampowered.com/developer/Brytenwalda?snr=1_5_9__2000
Get Up Games,https://store.steampowered.com/curator/38561845?snr=1_5_9__2000
Impressions Games,https://store.steampowered.com/developer/Impressions%20Games&snr=1_5_9__2000
3Division,https://store.steampowered.com/curator/33193263?snr=1_5_9__2000
Corbie Games,https://store.steampowered.com/developer/iceberg?snr=1_5_9__2000
Kite Games,https://store.steampowered.com/developer/kalypso?snr=1_5_9__2000
Shining Pixel Studios,https://store.steampowered.com/developer/iceberg?snr=1_5_9__2000
The Knights of Unity,https://store.steampowered.com/developer/The%20Knights%20of%20Unity&snr=1_5_9__2000
LongYou Game Studio,https://store.steampowered.com/developer/LongYou%20Game%20Studio&snr=1_5_9__2000
Polyslash,https://store.steampowered.com/developer/polyslash?snr=1_5_9__2000
Logic Artists,https://store.steampowered.com/developer/logicartists?snr=1_5_9__2000
Ubisoft Sofia,https://store.steampowered.com/developer/ubisoft?snr=1_5_9__2000
Ubisoft Entertainment,https://store.steampowered.com/developer/Ubisoft%20Entertainment&snr=1_5_9__2000
Frogwares,https://store.steampowered.com/developer/Frogwares?snr=1_5_9__2000
Relic Entertainment,https://store.steampowered.com/curator/35920674?snr=1_5_9__2000
Orbi Universo Team,https://store.steampowered.com/developer/Orbi%20Universo%20Team&snr=1_5_9__2000
inkle Ltd,https://store.steampowered.com/developer/inkle?snr=1_5_9__2000
Hamsters Gaming,https://store.steampowered.com/curator/32513397?snr=1_5_9__2000
Great War Team,https://store.steampowered.com/developer/Great%20War%20Team&snr=1_5_9__2000
Glyph Worlds,https://store.steampowered.com/developer/Glyph%20Worlds&snr=1_5_9__2000
Computer Lunch,https://store.steampowered.com/developer/Computer%20Lunch&snr=1_5_9__2000
"Vintage Digital Revival, LLC",https://store.steampowered.com/developer/Vintage%20Digital%20Revival%2C%20LLC&snr=1_5_9__2000
Martin Ivanov,https://store.steampowered.com/developer/paradoxdevelopmentstudio?snr=1_5_9__2000
Jan Zelený,https://store.steampowered.com/developer/janzeleny?snr=1_5_9__2000
Idea Factory,https://store.steampowered.com/developer/ideafactoryintl?snr=1_5_9__2000
Design Factory,https://store.steampowered.com/developer/Design%20Factory&snr=1_5_9__2000
Pixelated Milk,https://store.steampowered.com/developer/Pixelated%20Milk&snr=1_5_9__2000
Kubat Software,https://store.steampowered.com/curator/33990272?snr=1_5_9__2000
GameTrek,https://store.steampowered.com/developer/1CEntertainment?snr=1_5_9__2000
Argonauts Interactive,https://store.steampowered.com/developer/plug-in-digital?snr=1_5_9__2000
Collectif Nemoïd,https://store.steampowered.com/developer/plug-in-digital?snr=1_5_9__2000
Lion's Shade,https://store.steampowered.com/developer/HeroCraft_PC?snr=1_5_9__2000
PortaPlay,https://store.steampowered.com/developer/supercom?snr=1_5_9__2000
The Battle Grounds Game Development Team,https://store.steampowered.com/developer/The%20Battle%20Grounds%20Game%20Development%20Team&snr=1_5_9__2000
The Lordz Games Studio,https://store.steampowered.com/developer/Slitherine?snr=1_5_9__2000
ACQUIRE Corp.,https://store.steampowered.com/developer/ACQUIRE%20Corp.&snr=1_5_9__2000
"Tilted Mill Entertainment, Inc.",https://store.steampowered.com/developer/Tilted%20Mill%20Entertainment%2C%20Inc.&snr=1_5_9__2000
CGE Digital,https://store.steampowered.com/developer/CGEdigital?snr=1_5_9__2000
Pyro Studios,https://store.steampowered.com/developer/kalypso?snr=1_5_9__2000
Nival,https://store.steampowered.com/developer/Nival?snr=1_5_9__2000
The Wandering Ben,https://store.steampowered.com/developer/serenityforge?snr=1_5_9__2000
DOMO Studio,https://store.steampowered.com/curator/34975675?snr=1_5_9__2000
Longbow Games,https://store.steampowered.com/developer/longbowgames?snr=1_5_9__2000
Muzzy Lane Software,https://store.steampowered.com/developer/Muzzy%20Lane%20Software&snr=1_5_9__2000
Tobias Springer,https://store.steampowered.com/developer/tobspr?snr=1_5_9__2000
Maestro Cinetik,https://store.steampowered.com/developer/maestrocinetik?snr=1_5_9__2000
Nupixo Games,https://store.steampowered.com/curator/34758209?snr=1_5_9__2000
Every Single Soldier,https://store.steampowered.com/developer/Slitherine?snr=1_5_9__2000
The Artistocrats,https://store.steampowered.com/developer/Slitherine?snr=1_5_9__2000
Noble Empire Corp.,https://store.steampowered.com/developer/Noble%20Empire%20Corp.&snr=1_5_9__2000
NorbSoftDev,https://store.steampowered.com/developer/Slitherine?snr=1_5_9__2000
Cobble Games,https://store.steampowered.com/developer/Cobble%20Games&snr=1_5_9__2000
Disaster Studio,https://store.steampowered.com/developer/moviegamessa?snr=1_5_9__2000
Yiming,https://store.steampowered.com/curator/33699651?snr=1_5_9__2000
Ubisoft Romania,https://store.steampowered.com/developer/ubisoft?snr=1_5_9__2000
Black Sea Studios Ltd,https://store.steampowered.com/developer/Black%20Sea%20Studios%20Ltd&snr=1_5_9__2000
2x2 Games,https://store.steampowered.com/developer/2x2Games?snr=1_5_9__2000
Croteam,https://store.steampowered.com/developer/croteam?snr=1_5_9__2000
The Creative Assembly,https://store.steampowered.com/developer/The%20Creative%20Assembly&snr=1_5_9__2000
Redblack Spade,https://store.steampowered.com/developer/RedblackSpade?snr=1_5_9__2000
Nyamyam,https://store.steampowered.com/developer/nyamyam?snr=1_5_9__2000
Gattai Games,https://store.steampowered.com/developer/gg?snr=1_5_9__2000
Arclight Creations,https://store.steampowered.com/developer/klabater?snr=1_5_9__2000
iNK Stories,https://store.steampowered.com/developer/inkstories?snr=1_5_9__2000
N-Fusion Interactive,https://store.steampowered.com/developer/N-Fusion%20Interactive&snr=1_5_9__2000
Turnopia,https://store.steampowered.com/developer/Slitherine?snr=1_5_9__2000
Philippe Schober,https://store.steampowered.com/developer/fellhuhn?snr=1_5_9__2000
Picaresque Studio,https://store.steampowered.com/developer/fisheagle?snr=1_5_9__2000
Byzantine Games,https://store.steampowered.com/developer/Slitherine?snr=1_5_9__2000
ACE Team,https://store.steampowered.com/developer/aceteam?snr=1_5_9__2000
Foolish Mortals,https://store.steampowered.com/developer/Foolish%20Mortals&snr=1_5_9__2000
Progorion,https://store.steampowered.com/developer/progorion?snr=1_5_9__2000
Kremlingames,https://store.steampowered.com/developer/kremlingames?snr=1_5_9__2000
Brain Seal Ltd,https://store.steampowered.com/developer/brainseal?snr=1_5_9__2000
Citizen of Rome - Dynasty Ascendant,https://store.steampowered.com/developer/Citizen%20of%20Rome%20-%20Dynasty%20Ascendant&snr=1_5_9__2000
Sathvik Software Solutions,https://store.steampowered.com/developer/Sathvik%20Software%20Solutions&snr=1_5_9__2000
Aoca Game Lab,https://store.steampowered.com/developer/aoca?snr=1_5_9__2000
Shangshixuan,https://store.steampowered.com/developer/Shangshixuan&snr=1_5_9__2000
LKA,https://store.steampowered.com/curator/33098061?snr=1_5_9__2000
Radio Silence Entertainment,https://store.steampowered.com/developer/RadioSilenceEnt?snr=1_5_9__2000
The Secret Games Company,https://store.steampowered.com/developer/SecretGamesCo?snr=1_5_9__2000
Kerry Batts,https://store.steampowered.com/developer/Kerry%20Batts&snr=1_5_9__2000
Joe Richardson,https://store.steampowered.com/developer/Joe%20Richardson&snr=1_5_9__2000
1C Entertainment,https://store.steampowered.com/developer/1CEntertainment?snr=1_5_9__2000
BigLight.Games,https://store.steampowered.com/developer/BigLight.Games&snr=1_5_9__2000
Evil Bite,https://store.steampowered.com/developer/Evil%20Bite&snr=1_5_9__2000
Valve,https://store.steampowered.com/developer/valve?snr=1_5_9__2000
WarGirl Games,https://store.steampowered.com/developer/WarGirl%20Games&snr=1_5_9__2000
8monkey Labs,https://store.steampowered.com/developer/8monkey%20Labs&snr=1_5_9__2000
New World Interactive,https://store.steampowered.com/developer/NewWorldInteractive?snr=1_5_9__2000
Panic Ensues Software,https://store.steampowered.com/developer/Panic%20Ensues%20Software&snr=1_5_9__2000
DIGITAL ECLIPSE,https://store.steampowered.com/developer/DIGITAL%20ECLIPSE&snr=1_5_9__2000
polynation games ltd,https://store.steampowered.com/developer/polynation%20games%20ltd&snr=1_5_9__2000
"LRDGames, Inc.",https://store.steampowered.com/developer/lrdg?snr=1_5_9__2000
X1 Software,https://store.steampowered.com/developer/X1%20Software&snr=1_5_9__2000
AWAR,https://store.steampowered.com/developer/AWAR&snr=1_5_9__2000
Daedalic Entertainment,https://store.steampowered.com/developer/daedalic?snr=1_5_9__2000
DESTINYbit,https://store.steampowered.com/developer/DESTINYbit&snr=1_5_9__2000
Electric Games,https://store.steampowered.com/developer/Slitherine?snr=1_5_9__2000
Alessandro Roberti,https://store.steampowered.com/developer/Alessandro%20Roberti&snr=1_5_9__2000
Mir Dialogue,https://store.steampowered.com/developer/Mir%20Dialogue&snr=1_5_9__2000
Ocean,https://store.steampowered.com/developer/Ocean&snr=1_5_9__2000
Jean-Baptiste de Clerfayt,https://store.steampowered.com/developer/Jean-Baptiste%20de%20Clerfayt&snr=1_5_9__2000
1986 CL3,https://store.steampowered.com/developer/1986%20CL3&snr=1_5_9__2000
Priory Games,https://store.steampowered.com/curator/38585340?snr=1_5_9__2000
寶璽科技有限公司,https://store.steampowered.com/developer/%E5%AF%B6%E7%92%BD%E7%A7%91%E6%8A%80%E6%9C%89%E9%99%90%E5%85%AC%E5%8F%B8&snr=1_5_9__2000
Yaza Games,https://store.steampowered.com/developer/Yaza%20Games&snr=1_5_9__2000
中三之家,https://store.steampowered.com/developer/%E4%B8%AD%E4%B8%89%E4%B9%8B%E5%AE%B6&snr=1_5_9__2000
Alice & Smith,https://store.steampowered.com/developer/alice-and-smith?snr=1_5_9__2000
1C-SoftClub,https://store.steampowered.com/developer/1CEntertainment?snr=1_5_9__2000
selenophobia,https://store.steampowered.com/developer/selenophobia&snr=1_5_9__2000
Best Way,https://store.steampowered.com/developer/Best%20Way&snr=1_5_9__2000
RockGame S.A.,https://store.steampowered.com/developer/RockGame%20S.A.&snr=1_5_9__2000
Muzzy Lane,https://store.steampowered.com/curator/32949234?snr=1_5_9__2000
Gaijin Entertainment Corporation,https://store.steampowered.com/developer/gaijinent?snr=1_5_9__2000
House of Tales,https://store.steampowered.com/developer/House%20of%20Tales&snr=1_5_9__2000
ONECOMPANY,https://store.steampowered.com/developer/ONECOMPANY&snr=1_5_9__2000
Rinober Games,https://store.steampowered.com/developer/Rinober%20Games&snr=1_5_9__2000
Del_Player,https://store.steampowered.com/curator/36975109?snr=1_5_9__2000
Ice Lava Games,https://store.steampowered.com/developer/Ice%20Lava%20Games&snr=1_5_9__2000
Blue Collar Games,https://store.steampowered.com/developer/Blue%20Collar%20Games&snr=1_5_9__2000
Vanja,https://store.steampowered.com/developer/Vanja&snr=1_5_9__2000
Zatun,https://store.steampowered.com/developer/Zatun&snr=1_5_9__2000
Panther Software,https://store.steampowered.com/developer/Panther%20Software&snr=1_5_9__2000
Eat Create Sleep,https://store.steampowered.com/developer/EatCreateSleep?snr=1_5_9__2000
Techland,https://store.steampowered.com/developer/Techland?snr=1_5_9__2000
Frontline: Games Series,https://store.steampowered.com/developer/Frontline%3A%20Games%20Series&snr=1_5_9__2000
Kyle Cornwell,https://store.steampowered.com/developer/Kyle%20Cornwell&snr=1_5_9__2000
Microprose,https://store.steampowered.com/developer/Microprose&snr=1_5_9__2000
Movavi,https://store.steampowered.com/developer/Movavi?snr=1_5_9__2000
武儒小生,https://store.steampowered.com/developer/%E6%AD%A6%E5%84%92%E5%B0%8F%E7%94%9F&snr=1_5_9__2000
Detalion Games S.A.,https://store.steampowered.com/developer/Detalion%20Games%20S.A.&snr=1_5_9__2000
Web Interactive Solutions.,https://store.steampowered.com/developer/Web%20Interactive%20Solutions.&snr=1_5_9__2000
Stefan Kiel,https://store.steampowered.com/developer/Stefan%20Kiel&snr=1_5_9__2000
Lucas Lopes Baroni,https://store.steampowered.com/developer/Lucas%20Lopes%20Baroni&snr=1_5_9__2000
Obsidian Entertainment,https://store.steampowered.com/developer/MetaPublishing?snr=1_5_9__2000
MY.GAMES,https://store.steampowered.com/developer/mygames?snr=1_5_9__2000
SMG ゲーム制作グループ,https://store.steampowered.com/curator/38396328?snr=1_5_9__2000
Progress Game,https://store.steampowered.com/curator/36307031?snr=1_5_9__2000
Eidos Interactive,https://store.steampowered.com/developer/squareenix?snr=1_5_9__2000
Z-Software,https://store.steampowered.com/developer/Z-Software?snr=1_5_9__2000
Fantastigo,https://store.steampowered.com/developer/Fantastigo&snr=1_5_9__2000
ZenART,https://store.steampowered.com/curator/37257834?snr=1_5_9__2000
Black Sea Games,https://store.steampowered.com/developer/blackseagames?snr=1_5_9__2000
Torn Banner Studios,https://store.steampowered.com/developer/tornbanner?snr=1_5_9__2000
Home Net Games,https://store.steampowered.com/developer/Home%20Net%20Games&snr=1_5_9__2000
EA Los Angeles,https://store.steampowered.com/developer/EA?snr=1_5_9__2000
Topware Interactive,https://store.steampowered.com/developer/Topware%20Interactive&snr=1_5_9__2000
"MicroProse Software, Inc",https://store.steampowered.com/developer/MicroProse%20Software%2C%20Inc&snr=1_5_9__2000
Noble Master LLC,https://store.steampowered.com/developer/noblemaster?snr=1_5_9__2000
BlackMark Studio,https://store.steampowered.com/developer/BlackMark%20Studio&snr=1_5_9__2000
Cats Who Play,https://store.steampowered.com/developer/catswhoplay?snr=1_5_9__2000
DolphinBarn,https://store.steampowered.com/developer/DolphinBarn&snr=1_5_9__2000
Ascaron Entertainment ltd.,https://store.steampowered.com/curator/32949234?snr=1_5_9__2000
NetDragon Websoft Inc.,https://store.steampowered.com/developer/NetDragon%20Websoft%20Inc.&snr=1_5_9__2000
Cheesecake Dev,https://store.steampowered.com/developer/Cheesecake?snr=1_5_9__2000
2by3 Games,https://store.steampowered.com/developer/Slitherine?snr=1_5_9__2000
Thibaud Michaud,https://store.steampowered.com/developer/Thibaud%20Michaud&snr=1_5_9__2000
The Men Who Wear Many Hats,https://store.steampowered.com/developer/The%20Men%20Who%20Wear%20Many%20Hats&snr=1_5_9__2000
Usurpator AB,https://store.steampowered.com/developer/Usurpator%20AB&snr=1_5_9__2000
Peter Brinson and Kurosh ValaNejad,https://store.steampowered.com/developer/Peter%20Brinson%20and%20Kurosh%20ValaNejad&snr=1_5_9__2000
Auroch Digital,https://store.steampowered.com/developer/Auroch%20Digital&snr=1_5_9__2000
Warcave,https://store.steampowered.com/developer/Warcave?snr=1_5_9__2000
CrazyBunch,https://store.steampowered.com/developer/Assemble?snr=1_5_9__2000
Kubold,https://store.steampowered.com/developer/Kubold&snr=1_5_9__2000
SOFTSTAR,https://store.steampowered.com/curator/34975675?snr=1_5_9__2000
Roslagen,https://store.steampowered.com/developer/Roslagen&snr=1_5_9__2000
Alter Games,https://store.steampowered.com/developer/Alter%20Games&snr=1_5_9__2000
Triskell Interactive,https://store.steampowered.com/developer/Triskell%20Interactive&snr=1_5_9__2000
Happy Dog Interactive LLC,https://store.steampowered.com/developer/Happy%20Dog%20Interactive%20LLC&snr=1_5_9__2000
Globiss Interactive,https://store.steampowered.com/developer/roguegamesinc?snr=1_5_9__2000
Decumanus Games,https://store.steampowered.com/developer/Decumanus%20Games&snr=1_5_9__2000
Ares Dragonis,https://store.steampowered.com/developer/Ares%20Dragonis&snr=1_5_9__2000
Ertal Games,https://store.steampowered.com/developer/Ertal%20Games&snr=1_5_9__2000
Nomad Games,https://store.steampowered.com/developer/nomad?snr=1_5_9__2000
Mighty Coconut,https://store.steampowered.com/developer/Mighty%20Coconut&snr=1_5_9__2000
Curious Foxes,https://store.steampowered.com/developer/Curious%20Foxes&snr=1_5_9__2000
Rif Game Studio,https://store.steampowered.com/curator/37779977?snr=1_5_9__2000
Rejet,https://store.steampowered.com/developer/Rejet&snr=1_5_9__2000
FishTankStudio,https://store.steampowered.com/curator/37395807?snr=1_5_9__2000
MadGamesmith,https://store.steampowered.com/developer/MadGamesmith&snr=1_5_9__2000
GLOAM-STUDIOS,https://store.steampowered.com/developer/GLOAM-STUDIOS&snr=1_5_9__2000
Rocket Flair Studios,https://store.steampowered.com/developer/Rocket%20Flair%20Studios&snr=1_5_9__2000
BEPLAYER,https://store.steampowered.com/developer/BEPLAYER&snr=1_5_9__2000
Firewhirlgames,https://store.steampowered.com/developer/Firewhirlgames&snr=1_5_9__2000
NLB project,https://store.steampowered.com/developer/NLB%20project&snr=1_5_9__2000
HYDRAGON,https://store.steampowered.com/developer/HYDRAGON&snr=1_5_9__2000
General Interactive Co.,https://store.steampowered.com/developer/General%20Interactive%20Co.&snr=1_5_9__2000
LizardScript,https://store.steampowered.com/developer/LizardScript&snr=1_5_9__2000
Robin van der Horst,https://store.steampowered.com/developer/Robin%20van%20der%20Horst&snr=1_5_9__2000
Manta Games,https://store.steampowered.com/developer/Manta%20Games&snr=1_5_9__2000
Roman Soldiers Studio,https://store.steampowered.com/developer/Roman%20Soldiers%20Studio&snr=1_5_9__2000
Pixel Flipper S.A.,https://store.steampowered.com/developer/playway?snr=1_5_9__2000
Iron Wolf Studio S.A.,https://store.steampowered.com/developer/Iron%20Wolf%20Studio%20S.A.&snr=1_5_9__2000
Skyward Digital,https://store.steampowered.com/developer/Skyward%20Digital&snr=1_5_9__2000
Joy Manufacturing Co.,https://store.steampowered.com/developer/Joy%20Manufacturing%20Co.&snr=1_5_9__2000
Catchweight Studio,https://store.steampowered.com/developer/Catchweight%20Studio&snr=1_5_9__2000
CarloC,https://store.steampowered.com/curator/35241310?snr=1_5_9__2000
SomaSim,https://store.steampowered.com/developer/somasim?snr=1_5_9__2000
Caveman Developments,https://store.steampowered.com/developer/Caveman%20Developments&snr=1_5_9__2000
SimulaM,https://store.steampowered.com/developer/playway?snr=1_5_9__2000
Redman Games,https://store.steampowered.com/developer/Redman%20Games&snr=1_5_9__2000
Fiddlyware,https://store.steampowered.com/developer/Fiddlyware&snr=1_5_9__2000
Monkeys Tales Studio,https://store.steampowered.com/developer/Monkeys%20Tales%20Studio&snr=1_5_9__2000
Andrea Dresseno,https://store.steampowered.com/developer/Andrea%20Dresseno&snr=1_5_9__2000
Sofia Abatangelo,https://store.steampowered.com/developer/Sofia%20Abatangelo&snr=1_5_9__2000
Matteo Lollini,https://store.steampowered.com/developer/Matteo%20Lollini&snr=1_5_9__2000
StudioV,https://store.steampowered.com/developer/StudioV&snr=1_5_9__2000
Iskonsko Studio,https://store.steampowered.com/developer/iskonsko?snr=1_5_9__2000
Ops Game Studio,https://store.steampowered.com/developer/Ops%20Game%20Studio&snr=1_5_9__2000
Opala Project,https://store.steampowered.com/developer/Opala%20Project&snr=1_5_9__2000
Nerial,https://store.steampowered.com/developer/Nerial&snr=1_5_9__2000
Teku Studios,https://store.steampowered.com/developer/Teku%20Studios&snr=1_5_9__2000
Studio Oleomingus,https://store.steampowered.com/developer/Studio%20Oleomingus&snr=1_5_9__2000
Glob Games Studio,https://store.steampowered.com/developer/GlobGamesStudio?snr=1_5_9__2000
Slashware Interactive,https://store.steampowered.com/developer/Slashware%20Interactive&snr=1_5_9__2000
Serious Sim,https://store.steampowered.com/developer/Serious%20Sim&snr=1_5_9__2000
Totem Games,https://store.steampowered.com/developer/Totem%20Games&snr=1_5_9__2000
LightCAT gaming,https://store.steampowered.com/developer/LightCAT%20gaming&snr=1_5_9__2000
SD studio,https://store.steampowered.com/curator/37906130?snr=1_5_9__2000
Big Way Games,https://store.steampowered.com/curator/34263063?snr=1_5_9__2000
Kanda Technologies,https://store.steampowered.com/developer/Kanda%20Technologies&snr=1_5_9__2000
Wasel and the Weasels,https://store.steampowered.com/developer/Wasel%20and%20the%20Weasels&snr=1_5_9__2000
United Digital Group GmbH,https://store.steampowered.com/developer/United%20Digital%20Group%20GmbH&snr=1_5_9__2000
Nerdindustries GmbH,https://store.steampowered.com/developer/Nerdindustries%20GmbH&snr=1_5_9__2000
Ancient War Studios,https://store.steampowered.com/developer/Ancient%20War%20Studios&snr=1_5_9__2000
Long Qi  Software Technology,https://store.steampowered.com/developer/Long%20Qi%20%20Software%20Technology&snr=1_5_9__2000
ANG People s.r.o.,https://store.steampowered.com/developer/ANG%20People%20s.r.o.&snr=1_5_9__2000
Vertigo Games,https://store.steampowered.com/developer/vertigogames?snr=1_5_9__2000
Dotemu,https://store.steampowered.com/developer/Dotemu?snr=1_5_9__2000
YGGDRASIL STUDIO,https://store.steampowered.com/developer/YGGDRASIL-STUDIO?snr=1_5_9__2000
Mousechief,https://store.steampowered.com/developer/Mousechief&snr=1_5_9__2000
Retsu Empire,https://store.steampowered.com/curator/37960503?snr=1_5_9__2000
Tuttifrutti Interactive,https://store.steampowered.com/developer/Tuttifrutti%20Interactive&snr=1_5_9__2000
ACE MADDOX,https://store.steampowered.com/curator/11695138?snr=1_5_9__2000
Stas Shostak,https://store.steampowered.com/developer/shostakgames?snr=1_5_9__2000
Alexander Sitnikov,https://store.steampowered.com/developer/Alexander%20Sitnikov&snr=1_5_9__2000
Spellbound,https://store.steampowered.com/developer/Spellbound&snr=1_5_9__2000
Rogueside,https://store.steampowered.com/developer/Rogueside?snr=1_5_9__2000
Coffee Powered Machine,https://store.steampowered.com/developer/Coffee%20Powered%20Machine&snr=1_5_9__2000
Whiskeybarrel Studios,https://store.steampowered.com/curator/33313459?snr=1_5_9__2000
Aggroblakh,https://store.steampowered.com/developer/Aggroblakh&snr=1_5_9__2000
Sep Reds,https://store.steampowered.com/developer/Slitherine?snr=1_5_9__2000
Atomic Jelly,https://store.steampowered.com/developer/AtomicJelly?snr=1_5_9__2000
Raptor Claw Games,https://store.steampowered.com/developer/Raptor%20Claw%20Games&snr=1_5_9__2000
Eric Sun,https://store.steampowered.com/developer/Eric%20Sun&snr=1_5_9__2000
Leonard Menchiari,https://store.steampowered.com/developer/MergeGames?snr=1_5_9__2000
IV Productions,https://store.steampowered.com/developer/IV%20Productions&snr=1_5_9__2000
Colestia,https://store.steampowered.com/developer/Colestia&snr=1_5_9__2000
2015,https://store.steampowered.com/developer/2015&snr=1_5_9__2000
Triseum,https://store.steampowered.com/developer/Triseum?snr=1_5_9__2000
Driven Arts,https://store.steampowered.com/developer/DrivenArts?snr=1_5_9__2000
Last Lotus,https://store.steampowered.com/developer/Last%20Lotus&snr=1_5_9__2000
The Working Parts,https://store.steampowered.com/developer/The%20Working%20Parts&snr=1_5_9__2000
Maris Ozols,https://store.steampowered.com/curator/34886518?snr=1_5_9__2000
Dave Beck,https://store.steampowered.com/developer/Dave%20Beck&snr=1_5_9__2000
Quicksilver Software,https://store.steampowered.com/developer/Quicksilver%20Software&snr=1_5_9__2000
Diamond Sky Games,https://store.steampowered.com/developer/Diamond%20Sky%20Games&snr=1_5_9__2000
Construct Studio,https://store.steampowered.com/developer/Construct%20Studio&snr=1_5_9__2000
Witch Laboratory,https://store.steampowered.com/developer/Witch%20Laboratory&snr=1_5_9__2000
Cyril Jarnot,https://store.steampowered.com/curator/36173274?snr=1_5_9__2000
Red Unit Studios,https://store.steampowered.com/developer/Red%20Unit%20Studios&snr=1_5_9__2000
Fully Illustrated,https://store.steampowered.com/developer/Fully%20Illustrated&snr=1_5_9__2000
Darkwind Media,https://store.steampowered.com/developer/Darkwind%20Media&snr=1_5_9__2000
Sillysoft Games,https://store.steampowered.com/developer/Sillysoft%20Games&snr=1_5_9__2000
Eirik Wiklund,https://store.steampowered.com/developer/Eirik%20Wiklund&snr=1_5_9__2000
Akella,https://store.steampowered.com/developer/Akella&snr=1_5_9__2000
Silver Lemur Games,https://store.steampowered.com/developer/SilverLemurGames?snr=1_5_9__2000
Bob De Schutter,https://store.steampowered.com/developer/Bob%20De%20Schutter&snr=1_5_9__2000
Black Eye Games,https://store.steampowered.com/curator/37395807?snr=1_5_9__2000
Jasmine Osler,https://store.steampowered.com/developer/Jasmine%20Osler&snr=1_5_9__2000
HELYEES,https://store.steampowered.com/developer/HELYEES&snr=1_5_9__2000
Lucas Molina,https://store.steampowered.com/developer/Lucas%20Molina&snr=1_5_9__2000
Kingdom Games,https://store.steampowered.com/developer/Kingdom%20Games&snr=1_5_9__2000
VROOM,https://store.steampowered.com/developer/vroom?snr=1_5_9__2000
Interactive Gaming Studios,https://store.steampowered.com/curator/26848090?snr=1_5_9__2000
Climax Studios,https://store.steampowered.com/developer/Climax%20Studios&snr=1_5_9__2000
Throwback Entertainment,https://store.steampowered.com/developer/throwback?snr=1_5_9__2000
"IWPLAY WORLD INTERACTIVE ENTERTAINMENT TECHNOLOGY CO., LTD.",https://store.steampowered.com/developer/IWPLAY%20WORLD%20INTERACTIVE%20ENTERTAINMENT%20TECHNOLOGY%20CO.%2C%20LTD.&snr=1_5_9__2000
Armoured Beans,https://store.steampowered.com/curator/33825498?snr=1_5_9__2000
RealDreamVision,https://store.steampowered.com/developer/RealDreamVision&snr=1_5_9__2000
Don't Bite Devs,https://store.steampowered.com/developer/Don%27t%20Bite%20Devs&snr=1_5_9__2000
Lienzo,https://store.steampowered.com/developer/Lienzo&snr=1_5_9__2000
HandyGames,https://store.steampowered.com/developer/HandyGames?snr=1_5_9__2000
rokaplay,https://store.steampowered.com/developer/rokaplay?snr=1_5_9__2000
Strategiae,https://store.steampowered.com/developer/plug-in-digital?snr=1_5_9__2000
USC Game Innovation Lab,https://store.steampowered.com/curator/34310264?snr=1_5_9__2000
Cyberflix Incorporated,https://store.steampowered.com/developer/Cyberflix%20Incorporated&snr=1_5_9__2000
BIG BOYS STUDIO,https://store.steampowered.com/developer/BIG%20BOYS%20STUDIO&snr=1_5_9__2000
tomeapp,https://store.steampowered.com/developer/tomeapp&snr=1_5_9__2000
OneOneGames,https://store.steampowered.com/developer/OneOneGames&snr=1_5_9__2000
Z9K Games,https://store.steampowered.com/developer/Z9K%20Games&snr=1_5_9__2000
Ape Marina,https://store.steampowered.com/developer/Ape%20Marina&snr=1_5_9__2000
Batholith Entertainment,https://store.steampowered.com/developer/BatholithEntertainment?snr=1_5_9__2000
Ripknot Systems,https://store.steampowered.com/curator/33361192?snr=1_5_9__2000
Anti Matter Games,https://store.steampowered.com/developer/Anti%20Matter%20Games&snr=1_5_9__2000
Duke Studio,https://store.steampowered.com/developer/Duke%20Studio&snr=1_5_9__2000
Nemoïd Apps,https://store.steampowered.com/developer/Nemo%C3%AFd%20Apps&snr=1_5_9__2000
AzDimension,https://store.steampowered.com/developer/azdimension?snr=1_5_9__2000
Seraphim Creations,https://store.steampowered.com/developer/Seraphim%20Creations&snr=1_5_9__2000
Bigzur Games,https://store.steampowered.com/developer/Bigzur%20Games&snr=1_5_9__2000
Flight School Studio,https://store.steampowered.com/developer/Flight%20School%20Studio&snr=1_5_9__2000
Brian Master (脑补大师),https://store.steampowered.com/developer/Brian%20Master%20%28%E8%84%91%E8%A1%A5%E5%A4%A7%E5%B8%88%29&snr=1_5_9__2000
SunQ Games,https://store.steampowered.com/developer/SunQ%20Games&snr=1_5_9__2000
Winter Wolves,https://store.steampowered.com/developer/winterwolves?snr=1_5_9__2000
Gearbox Software,https://store.steampowered.com/developer/Gearbox%20Software&snr=1_5_9__2000
The Mustard Corporation,https://store.steampowered.com/developer/The%20Mustard%20Corporation&snr=1_5_9__2000
Hybriona Labs,https://store.steampowered.com/curator/33676929?snr=1_5_9__2000
Valiant Game Studio AB,https://store.steampowered.com/developer/Valiant%20Game%20Studio%20AB&snr=1_5_9__2000
Polar Motion,https://store.steampowered.com/developer/Slitherine?snr=1_5_9__2000
Bad Rhino Games LLC,https://store.steampowered.com/developer/Bad%20Rhino%20Games%20LLC&snr=1_5_9__2000
Military Operations,https://store.steampowered.com/curator/33121857?snr=1_5_9__2000
Discovr Labs,https://store.steampowered.com/developer/Discovr%20Labs&snr=1_5_9__2000
Augmade Ltd,https://store.steampowered.com/developer/augmade?snr=1_5_9__2000
S.Y. GAMES,https://store.steampowered.com/developer/S.Y.%20GAMES&snr=1_5_9__2000
Jan Šídlo,https://store.steampowered.com/developer/Jan%20%C5%A0%C3%ADdlo&snr=1_5_9__2000
Adam Hrubý,https://store.steampowered.com/developer/Adam%20Hrub%C3%BD&snr=1_5_9__2000
Horse Games,https://store.steampowered.com/developer/Horse%20Games&snr=1_5_9__2000
Corrosive Studios LLC,https://store.steampowered.com/curator/6836576?snr=1_5_9__2000
Cordelia Games,https://store.steampowered.com/developer/artifexmundi?snr=1_5_9__2000
Borington,https://store.steampowered.com/developer/Borington&snr=1_5_9__2000
Magic Fountain Studio,https://store.steampowered.com/developer/Magic%20Fountain%20Studio&snr=1_5_9__2000
One Tap Games,https://store.steampowered.com/developer/One%20Tap%20Games&snr=1_5_9__2000
Orihaus,https://store.steampowered.com/developer/Orihaus&snr=1_5_9__2000
Naps Team,https://store.steampowered.com/developer/Naps%20Team&snr=1_5_9__2000
Tap by Tap,https://store.steampowered.com/developer/Tap%20by%20Tap&snr=1_5_9__2000
OKSoft,https://store.steampowered.com/developer/OKSoft?snr=1_5_9__2000
Turcan Research Systems,https://store.steampowered.com/developer/Turcan%20Research%20Systems&snr=1_5_9__2000
Coral Dream Studio,https://store.steampowered.com/developer/Coral%20Dream%20Studio&snr=1_5_9__2000
Intersky Studios,https://store.steampowered.com/developer/Intersky%20Studios&snr=1_5_9__2000
不想上班工作室™,https://store.steampowered.com/developer/%E4%B8%8D%E6%83%B3%E4%B8%8A%E7%8F%AD%E5%B7%A5%E4%BD%9C%E5%AE%A4%E2%84%A2&snr=1_5_9__2000
Sketchy Logic,https://store.steampowered.com/developer/Sketchy%20Logic&snr=1_5_9__2000
Red Zero Games,https://store.steampowered.com/developer/Red%20Zero%20Games&snr=1_5_9__2000
SpielmannSpiel,https://store.steampowered.com/developer/SpielmannSpiel?snr=1_5_9__2000
bison,https://store.steampowered.com/developer/bison&snr=1_5_9__2000
Shardcien,https://store.steampowered.com/curator/33522148?snr=1_5_9__2000
One Little Serf,https://store.steampowered.com/curator/36377724?snr=1_5_9__2000
FLOAT LAND,https://store.steampowered.com/developer/FLOAT%20LAND&snr=1_5_9__2000
Studio Wumpus,https://store.steampowered.com/developer/Studio%20Wumpus&snr=1_5_9__2000
OM ENTERTAINMENT,https://store.steampowered.com/developer/OM%20ENTERTAINMENT&snr=1_5_9__2000
Recotechnology S.L.,https://store.steampowered.com/developer/Recotechnology%20S.L.&snr=1_5_9__2000
BBC Media Applications Technologies Limited,https://store.steampowered.com/developer/BBC%20Media%20Applications%20Technologies%20Limited&snr=1_5_9__2000
Unicorn Games Studio,https://store.steampowered.com/developer/Unicorn%20Games%20Studio&snr=1_5_9__2000
SystemSoft Alpha Cooperation,https://store.steampowered.com/developer/SystemSoft%20Alpha%20Cooperation&snr=1_5_9__2000
Lunranta,https://store.steampowered.com/curator/34742595?snr=1_5_9__2000
Izmir Games Collective,https://store.steampowered.com/developer/Izmir%20Games%20Collective&snr=1_5_9__2000
Unsin Studio,https://store.steampowered.com/developer/Unsin%20Studio&snr=1_5_9__2000
EJRGames,https://store.steampowered.com/developer/EJRGames&snr=1_5_9__2000
Zeuta Caffe,https://store.steampowered.com/developer/Zeuta%20Caffe&snr=1_5_9__2000
ArenaDev,https://store.steampowered.com/developer/ArenaDev&snr=1_5_9__2000
DPT,https://store.steampowered.com/developer/DPT&snr=1_5_9__2000
The 45th Division,https://store.steampowered.com/developer/The%2045th%20Division&snr=1_5_9__2000
Cheezy Freak,https://store.steampowered.com/developer/Cheezy%20Freak&snr=1_5_9__2000
DCF Studios,https://store.steampowered.com/developer/DCF%20Studios&snr=1_5_9__2000
Solare Games,https://store.steampowered.com/developer/Solare%20Games&snr=1_5_9__2000
Crystal Clear Entertainment SB,https://store.steampowered.com/developer/Crystal%20Clear%20Entertainment%20SB&snr=1_5_9__2000
Level 9 Computing,https://store.steampowered.com/developer/Level%209%20Computing&snr=1_5_9__2000
PSS,https://store.steampowered.com/developer/throwback?snr=1_5_9__2000
Threaks,https://store.steampowered.com/developer/Threaks&snr=1_5_9__2000
GameHouse,https://store.steampowered.com/developer/GameHouse&snr=1_5_9__2000
Shenandoah Studio,https://store.steampowered.com/developer/Slitherine?snr=1_5_9__2000
LUZSTARDOM,https://store.steampowered.com/developer/LUZSTARDOM?snr=1_5_9__2000
David Vetterlein,https://store.steampowered.com/developer/David%20Vetterlein&snr=1_5_9__2000
PR games,https://store.steampowered.com/developer/PR%20games&snr=1_5_9__2000
RewindApp,https://store.steampowered.com/developer/rewindapp?snr=1_5_9__2000
Goodgame Studios,https://store.steampowered.com/developer/Goodgame%20Studios&snr=1_5_9__2000
ihobo games,https://store.steampowered.com/curator/35868163?snr=1_5_9__2000
MagdalenaTeam,https://store.steampowered.com/developer/MagdalenaTeam&snr=1_5_9__2000
Reality Twist GmbH,https://store.steampowered.com/developer/Reality%20Twist%20GmbH&snr=1_5_9__2000
Rumbling Games Studio,https://store.steampowered.com/developer/rumbling-games-studio?snr=1_5_9__2000
Nic3Ntertainment,https://store.steampowered.com/developer/Nic3Ntertainment&snr=1_5_9__2000
Michal Bárta,https://store.steampowered.com/developer/Michal%20B%C3%A1rta&snr=1_5_9__2000
Disorganized Media,https://store.steampowered.com/developer/Disorganized%20Media&snr=1_5_9__2000
インレ,https://store.steampowered.com/developer/%E3%82%A4%E3%83%B3%E3%83%AC&snr=1_5_9__2000
Inre,https://store.steampowered.com/developer/Inre&snr=1_5_9__2000
Genos Studios,https://store.steampowered.com/curator/37267123?snr=1_5_9__2000
Dyrnwyn Games,https://store.steampowered.com/developer/Dyrnwyn%20Games&snr=1_5_9__2000
juhbee,https://store.steampowered.com/developer/juhbee&snr=1_5_9__2000
Light Strategy Series,https://store.steampowered.com/developer/Light%20Strategy%20Series&snr=1_5_9__2000
Notus Games Ltd,https://store.steampowered.com/developer/Notus%20Games%20Ltd&snr=1_5_9__2000
Crowvisuals,https://store.steampowered.com/developer/Crowvisuals&snr=1_5_9__2000
Ranida Games,https://store.steampowered.com/developer/RanidaGames?snr=1_5_9__2000
Aardman Animations,https://store.steampowered.com/developer/BANDAINAMCO?snr=1_5_9__2000
Digixart,https://store.steampowered.com/developer/BANDAINAMCO?snr=1_5_9__2000
Linked Dimensions,https://store.steampowered.com/developer/Linked%20Dimensions&snr=1_5_9__2000
Melos Han-Tani,https://store.steampowered.com/developer/Melos%20Han-Tani&snr=1_5_9__2000
The Software Farm,https://store.steampowered.com/curator/33033027?snr=1_5_9__2000
Sunlight Games,https://store.steampowered.com/curator/33033027?snr=1_5_9__2000
Sierra Entertainment,https://store.steampowered.com/curator/33033027?snr=1_5_9__2000
Enlight Software Limited,https://store.steampowered.com/developer/Enlight%20Software%20Limited&snr=1_5_9__2000
Brent Ellison,https://store.steampowered.com/developer/kitfoxgames?snr=1_5_9__2000
Tanya X. Short,https://store.steampowered.com/developer/kitfoxgames?snr=1_5_9__2000
Creative Storm Entertainment,https://store.steampowered.com/developer/CreativeStorm?snr=1_5_9__2000
Grundislav Games,https://store.steampowered.com/developer/Grundislav%20Games&snr=1_5_9__2000
Paintbucket Games,https://store.steampowered.com/developer/Paintbucket%20Games&snr=1_5_9__2000
